<?xml version='1.0' standalone='yes'?>
<extensions>
  <plugins>
    <plugin maxTarget="*" version="2.0.0" name="Deezer" minTarget="8.3">
      <title lang="EN">Deezer local</title>
      <sha>e8f884f5bbe59424b414f47c977a9c632b0253fb</sha>
      <desc lang="EN">Deezer for local LMS use</desc>
      <creator>philippe_44, Michael Herger</creator>
      <category>musicservices</category>
      <url>https://github.com/philippe44/lms-deezer/releases/download/2.0.0/Deezer.zip</url>
      <link>https://github.com/philippe_44/lms-deezer</link>
    </plugin>
  </plugins>
</extensions>
